[
  {
    "Name": "Developing AI Applications with Azure AI Studio",
    "Language": "English",
    "Files": [
      {
        "RawFilePath": "https://docs-api.cloudlabs.ai/repos/raw.githubusercontent.com/CloudLabsAI-Azure/Developing-AI-Applications-with-Azure-AI-Studio/main/Labs/Overview.md",
        "Order": 1
      },
      {
        "RawFilePath": "https://docs-api.cloudlabs.ai/repos/raw.githubusercontent.com/CloudLabsAI-Azure/Developing-AI-Applications-with-Azure-AI-Studio/main/Labs/Exercise-01.md",
        "Order": 2
      },
      {
        "RawFilePath": "https://docs-api.cloudlabs.ai/repos/raw.githubusercontent.com/CloudLabsAI-Azure/Developing-AI-Applications-with-Azure-AI-Studio/main/Labs/Exercise-02.md",
        "Order": 3
      },
      {
        "RawFilePath": "https://docs-api.cloudlabs.ai/repos/raw.githubusercontent.com/CloudLabsAI-Azure/Developing-AI-Applications-with-Azure-AI-Studio/main/Labs/Exercise-03.md",
        "Order": 4
      },
      {
        "RawFilePath": "https://docs-api.cloudlabs.ai/repos/raw.githubusercontent.com/CloudLabsAI-Azure/Developing-AI-Applications-with-Azure-AI-Studio/main/Labs/Exercise-04.md",
        "Order": 5
      },
      {
        "RawFilePath": "https://docs-api.cloudlabs.ai/repos/raw.githubusercontent.com/CloudLabsAI-Azure/Developing-AI-Applications-with-Azure-AI-Studio/main/Labs/Exercise-05.md",
        "Order": 6
      },
      {
        "RawFilePath": "https://docs-api.cloudlabs.ai/repos/raw.githubusercontent.com/CloudLabsAI-Azure/Developing-AI-Applications-with-Azure-AI-Studio/main/Labs/Exercise-06.md",
        "Order": 7
      }
    ]
  }
]
