[ {
  "Name": "Developing AI Applications with Azure AI Studio",
  "Language": "English",
  "Files": [
    {
      "RawFilePath": "https://raw.githubusercontent.com/CloudLabsAI-Azure/Developing-AI-Applications-with-Azure-AI-Studio/main/Labs/getting-started.md",
      "Order": 1
    },
    {
      "RawFilePath": "https://raw.githubusercontent.com/CloudLabsAI-Azure/Developing-AI-Applications-with-Azure-AI-Studio/main/Labs/ExerciseIBM-02.md",
      "Order": 2
    },
    {
      "RawFilePath": "https://raw.githubusercontent.com/CloudLabsAI-Azure/Developing-AI-Applications-with-Azure-AI-Studio/main/Labs/Exercise5ibm.md",
      "Order": 3
    },
    {
      "RawFilePath": "https://raw.githubusercontent.com/CloudLabsAI-Azure/Developing-AI-Applications-with-Azure-AI-Studio/main/Labs/Exercise3ibm.md",
      "Order": 4
    }
  ]
} ]
